<core:FragmentDefinition xmlns="sap.uxap"
	xmlns:core="sap.ui.core"
	xmlns:mvc="sap.ui.core.mvc"
	xmlns:m="sap.m"
	xmlns:l="sap.ui.layout"
	xmlns:f="sap.ui.layout.form"
	xmlns:tnt="sap.tnt"
	xmlns:app="http://schemas.sap.com/sapui5/extension/sap.ui.core.CustomData/1">
	<m:Dialog title="Exchange Document with Supplier" contentWidth="50rem" contentHeight="50rem" class="sapUiNoContentPadding">
		<m:content>
			<m:Page showHeader="false">
				<ObjectPageLayout id="idObjectPageLayout" showTitleInHeaderContent="false">
					<headerTitle>
						<ObjectPageHeader id="idFileTitle" objectTitle="{fileModel>/FileName}" objectSubtitle="{detailModel>/orderNumber}" objectImageShape="Circle" objectImageURI="{fileModel>/FileIcon}" titleSelectorTooltip="Custom Tooltip">
						</ObjectPageHeader>
					</headerTitle>
					<headerContent>
						<m:Avatar id="idAttachmentAvtar" src="{fileModel>/FileIcon}" backgroundColor="Accent10" displaySize="M" class="sapUiTinyMarginEnd"/>
						<l:VerticalLayout class="sapUiSmallMarginBeginEnd">
							<m:ObjectStatus title="Created Date" text="{path: 'fileModel>/CreatedAt', type: 'sap.ui.model.type.Time', formatOptions: {style: 'medium'}}"/>
							<m:ObjectStatus title="Created By" text="{fileModel>/FromVendor}"/>
						</l:VerticalLayout>
					</headerContent>
					<sections>
						<ObjectPageSection title="{i18n>communication}" titleUppercase="false" titleLevel="H4">
							<subSections>
								<ObjectPageSubSection title="{i18n>communication}" mode="Expanded" id="idSection1">
									<ObjectPageLazyLoader stashed="true" id="idSection1stashed">
										<m:VBox>
											<m:List noDataText="No {i18n>communication}" items="{restDocModel>/aComments}">
												<m:FeedListItem icon="sap-icon://customer-and-supplier" sender="{restDocModel>fromEmail}" timestamp="{path: 'restDocModel>createdAt',type: 'sap.ui.model.type.DateTime', formatOptions: { style: 'medium' } }" text="{restDocModel>Text}" info="{restDocModel>vendorCode}"></m:FeedListItem>
											</m:List>
										</m:VBox>
									</ObjectPageLazyLoader>
								</ObjectPageSubSection>
							</subSections>
						</ObjectPageSection>
						<ObjectPageSection title="{i18n>suppliers}" titleUppercase="false" titleLevel="H4">
							<subSections>
								<ObjectPageSubSection title="{i18n>suppliers}" id="idSection2">
									<f:SimpleForm id="idSupForm" editable="true" layout="ResponsiveGridLayout" labelSpanXL="1" labelSpanL="1" labelSpanM="2" labelSpanS="2" adjustLabelSpan="false" emptySpanXL="0" emptySpanL="0" emptySpanM="0" emptySpanS="0" columnsXL="1" columnsL="1" columnsM="1" singleContainerFullSize="false">
										<f:content>
											<m:Label text="{i18n>suppliers}" />
											<!-- <m:MultiInput enableMultiLineMode="true" id ="idSupplierMultiInput" showValueHelp="true" valueHelpRequest="onClickSupplierValueList">
											</m:MultiInput> -->
											<m:MultiComboBox id="idSupMultiComboBox" selectionChange="handleSelectionChange" selectionFinish="handleSelectionFinish" width="350px" items="{detailModel>/POVendorsSet/results}">
												<core:Item key="{detailModel>email}" text="{detailModel>firstname}" app:vendor="{detailModel>vendorNo}" app:name="{detailModel>firstname}"/>
											</m:MultiComboBox>
											<m:Button icon = "sap-icon://display" press="onDisplaySupList">
												<m:layoutData>
													<l:GridData span="XL1 L1 M1 S1" />
												</m:layoutData>
											</m:Button>
										</f:content>
									</f:SimpleForm>
									<m:HBox id="idSupListBox">
										<m:Table id="idSupList" items="{restDocModel>/aVendors}" class="sapUiLargeMarginEnd">
											<m:headerToolbar>
												<m:OverflowToolbar>
													<m:content>
														<m:Label text="{i18n>suppliers}" />
														<m:ToolbarSpacer />
														<m:ToggleButton icon="sap-icon://edit" id="toggleInfoToolbar" press="onDisplaySupForm" />
													</m:content>
												</m:OverflowToolbar>
											</m:headerToolbar>
											<m:columns>
												<m:Column width="12em">
													<m:Text text="Company Name" />
												</m:Column>
												<m:Column width="12em">
													<m:Text text="Email" />
												</m:Column>
												<m:Column width="12em">
													<m:Text text="Vendor Code" />
												</m:Column>
											</m:columns>
											<m:items>
												<m:ColumnListItem>
													<m:cells>
														<m:ObjectStatus class="sapUiSmallMarginBottom" text="{restDocModel>vendor/name}" state="Success" />
														<m:Text text= "{restDocModel>vendor/email}"/>
														<m:Text text= "{restDocModel>vendor/vendorCode}"/>
													</m:cells>
												</m:ColumnListItem>
											</m:items>
										</m:Table>
									</m:HBox>
								</ObjectPageSubSection>
							</subSections>
						</ObjectPageSection>
						<ObjectPageSection title="{i18n>comments}" titleUppercase="false" titleLevel="H4">
							<subSections>
								<ObjectPageSubSection title="{i18n>comments}" mode="Expanded" id="idCommentSection">
									<m:VBox>
										<m:TextArea placeholder="Enter Comments ..." id = "idComments" cols="200" rows="10" enabled="true" textAlign="Initial" textDirection="Inherit" required="false" maxLength="512" showExceededText="false"></m:TextArea>
									</m:VBox>
								</ObjectPageSubSection>
							</subSections>
						</ObjectPageSection>
					</sections>
				</ObjectPageLayout>
			</m:Page>
		</m:content>
		<m:beginButton>
			<m:Button text="Submit" press = "onSubmit"/>
		</m:beginButton>
		<m:endButton>
			<m:Button text="Close" press = "onClose"/>
		</m:endButton>
	</m:Dialog>
</core:FragmentDefinition>