<core:FragmentDefinition xmlns="sap.uxap"
    xmlns:core="sap.ui.core"
    xmlns:mvc="sap.ui.core.mvc"
    xmlns:m="sap.m"
    xmlns:l="sap.ui.layout"
    xmlns:f="sap.ui.layout.form"
    xmlns:tnt="sap.tnt"
    xmlns:app="http://schemas.sap.com/sapui5/extension/sap.ui.core.CustomData/1">
    <m:Dialog title="Readiness Document" contentWidth="50rem" contentHeight="50rem" class="sapUiNoContentPadding">
        <m:content>
            <m:Page showHeader="false">
                <ObjectPageLayout id="idWorkflowAttachment" showTitleInHeaderContent="false">
                    <headerTitle>
                        <ObjectPageHeader id="idWorkflowFileTitle" objectTitle="{workflowFileModel>/FileName}" objectSubtitle="{detailModel>/orderNumber}" objectImageShape="Circle" objectImageURI="{workflowFileModel>/FileIcon}" titleSelectorTooltip="Custom Tooltip">
                        </ObjectPageHeader>
                    </headerTitle>
                    <headerContent>
                        <m:Avatar src="{workflowReadinessDocModel>/FileIcon}" backgroundColor="Accent10" displaySize="M" class="sapUiTinyMarginEnd"/>
                        <l:VerticalLayout class="sapUiSmallMarginBeginEnd">
                            <m:ObjectStatus title="Created Date" text="{path: 'workflowReadinessDocModel>/CreatedAt', type: 'sap.ui.model.type.Time', formatOptions: {style: 'medium'}}"/>
                            <m:ObjectStatus title="Created By" text="{workflowReadinessDocModel>/FromVendor}"/>
                        </l:VerticalLayout>
                    </headerContent>
                    <sections>
                        <ObjectPageSection title="{i18n>suppliers}" titleUppercase="false" titleLevel="H4">
                            <subSections>
                                <ObjectPageSubSection title="{i18n>suppliers}">
                                    <f:SimpleForm id="idWorkflowForm" editable="true" layout="ResponsiveGridLayout" labelSpanXL="1" labelSpanL="1" labelSpanM="2" labelSpanS="2" adjustLabelSpan="false" emptySpanXL="0" emptySpanL="0" emptySpanM="0" emptySpanS="0" columnsXL="1" columnsL="1" columnsM="1" singleContainerFullSize="false">
                                        <f:content>
                                            <m:Label text="{i18n>approdocTypever}" />
                                            <m:Select selectedKey="materialRediness" id="idWorkflowDocType" change="onDocTypeChange" enabled="false">
                                                <core:Item key="materialRediness" text="Readiness Document" />
                                                <core:Item key="workflowCompletion" text="Completion Document" />
                                            </m:Select>
                                            <m:Label text="{i18n>approverEmail}" />
                                            <m:Input id="idWorkflowEmail" value= "{detailModel>/email}"/>
                                            <m:Label text="{i18n>approverName}" />
                                            <m:Input id="idWorkflowName" value= "{detailModel>/approverName}"/>
                                        </f:content>
                                    </f:SimpleForm>
                                </ObjectPageSubSection>
                            </subSections>
                        </ObjectPageSection>
                    </sections>
                </ObjectPageLayout>
            </m:Page>
        </m:content>
        <m:beginButton>
            <m:Button text="Submit" press = "onWorkflowReadinessDocSubmit"/>
        </m:beginButton>
        <m:endButton>
            <m:Button text="Close" press = "onWorkflowReadinessDocClose"/>
        </m:endButton>
    </m:Dialog>
</core:FragmentDefinition>