<core:FragmentDefinition xmlns="sap.m"
    xmlns:core="sap.ui.core"
    xmlns:f="sap.ui.layout.form"
    xmlns:l="sap.ui.layout">
    <Dialog title="Required Documents" contentWidth="auto" contentHeight="auto" resizable="true" draggable="true">
        <List items="{docListModel>/DocList}">
            <CustomListItem >
                <HBox>
                    <CheckBox selected="{docListModel>completed}" />
                    <VBox justifyContent="Center">
                        <Text text="{docListModel>title}"/>
                    </VBox>
                </HBox>
                <customData>
                    <core:CustomData key="todo-item-completed" value="{= String(${docListModel>completed})}" writeToDom="true" />
                </customData>
            </CustomListItem>
        </List>
        <beginButton>
            <Button text="Close" press="onCloseDocListDialog"/>
        </beginButton>
    </Dialog>
</core:FragmentDefinition>