<core:FragmentDefinition xmlns="sap.m"
    xmlns:core="sap.ui.core"
    xmlns:f="sap.ui.layout.form"
    xmlns:l="sap.ui.layout">
    <Dialog title="Payment Details" contentWidth="auto" contentHeight="auto" resizable="true" draggable="true">
        <l:VerticalLayout class="sapUiContentPadding">
            <l:HorizontalLayout>
                <f:SimpleForm id="paymentFormLeft" layout="ResponsiveGridLayout" editable="false" maxContainerCols="1" labelSpanL="12" labelSpanM="12" labelSpanS="12" emptySpanL="0" emptySpanM="0" emptySpanS="0" columnsL="1" columnsM="1">
                    <f:content>
                        <Label text="Supplier Name"/>
                        <Text text="{paymentDetails>/supplierName}"/>
                        <Label text="Advance Payment No"/>
                        <Text text="{paymentDetails>/advancePayNo}"/>
                        <Label text="Payment Date"/>
                        <Text text="{paymentDetails>/paymentDate}"/>
                        <Label text="Transaction No"/>
                        <Text text="{paymentDetails>/transactionNo}"/>
                        <Label text="Payment Method"/>
                        <Text text="{paymentDetails>/method}"/>
                        <Label text="Reference No"/>
                        <Text text="{paymentDetails>/referanceNo}"/>
                        <Label text="Registration ID"/>
                        <Text text="{paymentDetails>/registrationId}"/>
                    </f:content>
                </f:SimpleForm>
                <l:VerticalLayout width="2px" class="sapUiTinyMarginBeginEnd"/>
                <f:SimpleForm id="paymentFormRight" layout="ResponsiveGridLayout" editable="false" maxContainerCols="1" labelSpanL="12" labelSpanM="12" labelSpanS="12" emptySpanL="0" emptySpanM="0" emptySpanS="0" columnsL="1" columnsM="1">
                    <f:content>
                        <Label text="Gross Amount"/>
                        <Text text="{paymentDetails>/grossAmt}"/>
                        <Label text="Discount Amount"/>
                        <Text text="{paymentDetails>/discountAmt}"/>
                        <Label text="Adjustment Amount"/>
                        <Text text="{paymentDetails>/adjustmentAmt}"/>
                        <Label text="PO Number"/>
                        <Text text="{paymentDetails>/poNumber}"/>
                        <Label text="Status"/>
                        <Text text="{paymentDetails>/status}"/>
                        <Label text="Routing Status"/>
                        <Text text="{paymentDetails>/routingStatus}"/>
                    </f:content>
                </f:SimpleForm>
            </l:HorizontalLayout>
        </l:VerticalLayout>
        <beginButton>
            <Button text="Close" press="onClosePaymentDetailDialog"/>
        </beginButton>
    </Dialog>
</core:FragmentDefinition>