<core:FragmentDefinition xmlns:uxap="sap.uxap"
    xmlns:core="sap.ui.core"
    xmlns:mvc="sap.ui.core.mvc"
    xmlns="sap.m"
    xmlns:l="sap.ui.layout"
    xmlns:f="sap.ui.layout.form"
    xmlns:tnt="sap.tnt">
    <TableSelectDialog multiSelect="true" contentWidth="20%" contentHeight="40%" noDataText="No Suppliers Found" title="Select Suppliers" search=".handleSuppliersSearch" searchPlaceholder="Search Suppliers" confirm=".handleSuppliersValueHelpClose" cancel=".handleSuppliersValueHelpClose" showClearButton="true" items="{
			path : 'detailModel>/POVendorsSet/results'
		}">
        <ColumnListItem>
            <cells>
                <Text text="{detailModel>firstname} {detailModel>lastname}" />
                <Text text="{detailModel>email}" />
                <ObjectNumber number="{detailModel>vendorNo}"/>
            </cells>
        </ColumnListItem>
        <columns>
            <Column>
                <header>
                    <Text text="{i18n>Vendor_Name}" />
                </header>
            </Column>
            <Column>
                <header>
                    <Text text="{i18n>email}" />
                </header>
            </Column>
            <Column>
                <header>
                    <Text text="{i18n>Vendor_Code}" />
                </header>
            </Column>
        </columns>
    </TableSelectDialog>
</core:FragmentDefinition>