<?xml version="1.0" encoding="utf-8"?>
<edmx:Edmx Version="1.0" xmlns:edmx="http://schemas.microsoft.com/ado/2007/06/edmx" xmlns:m="http://schemas.microsoft.com/ado/2007/08/dataservices/metadata" xmlns:sap="http://www.sap.com/Protocols/SAPData">
    <edmx:DataServices m:DataServiceVersion="2.0">
        <Schema Namespace="ZMM_INVOICE_SRV" xml:lang="en" sap:schema-version="1" xmlns="http://schemas.microsoft.com/ado/2008/09/edm">
            <EntityType Name="invoicePaymentDet" sap:content-version="1">
                <Key>
                    <PropertyRef Name="transactionNo"/>
                </Key>
                <Property Name="transactionNo" Type="Edm.String" Nullable="false" sap:unicode="false" sap:creatable="false" sap:updatable="false" sap:sortable="false" sap:filterable="false"/>
                <Property Name="suppliername" Type="Edm.String" Nullable="false" sap:unicode="false" sap:creatable="false" sap:updatable="false" sap:sortable="false" sap:filterable="false"/>
                <Property Name="paymentdate" Type="Edm.String" Nullable="false" sap:unicode="false" sap:creatable="false" sap:updatable="false" sap:sortable="false" sap:filterable="false"/>
                <Property Name="refereneNo" Type="Edm.String" Nullable="false" sap:unicode="false" sap:creatable="false" sap:updatable="false" sap:sortable="false" sap:filterable="false"/>
                <Property Name="grossamount" Type="Edm.String" Nullable="false" sap:unicode="false" sap:creatable="false" sap:updatable="false" sap:sortable="false" sap:filterable="false"/>
                <Property Name="discountamount" Type="Edm.String" Nullable="false" sap:unicode="false" sap:creatable="false" sap:updatable="false" sap:sortable="false" sap:filterable="false"/>
                <Property Name="adjustmentamt" Type="Edm.String" Nullable="false" sap:unicode="false" sap:creatable="false" sap:updatable="false" sap:sortable="false" sap:filterable="false"/>
                <Property Name="status" Type="Edm.String" Nullable="false" sap:unicode="false" sap:creatable="false" sap:updatable="false" sap:sortable="false" sap:filterable="false"/>
                <Property Name="routingStatus" Type="Edm.String" Nullable="false" sap:unicode="false" sap:creatable="false" sap:updatable="false" sap:sortable="false" sap:filterable="false"/>
                <Property Name="refereneAttachment" Type="Edm.String" Nullable="false" sap:unicode="false" sap:creatable="false" sap:updatable="false" sap:sortable="false" sap:filterable="false"/>
            </EntityType>
            <EntityType Name="InvoiceRequest" sap:content-version="1">
                <Key>
                    <PropertyRef Name="PoNumber"/>
                </Key>
                <Property Name="PoNumber" Type="Edm.String" Nullable="false" sap:unicode="false" sap:creatable="false" sap:updatable="false" sap:sortable="false" sap:filterable="false"/>
                <Property Name="regID" Type="Edm.String" Nullable="false" sap:unicode="false" sap:creatable="false" sap:updatable="false" sap:sortable="false" sap:filterable="false"/>
                <Property Name="invoiceNo" Type="Edm.String" Nullable="false" sap:unicode="false" sap:creatable="false" sap:updatable="false" sap:sortable="false"/>
                <Property Name="contractNumber" Type="Edm.String" Nullable="false" sap:unicode="false" sap:creatable="false" sap:updatable="false" sap:sortable="false" sap:filterable="false"/>
                <Property Name="VendorName" Type="Edm.String" Nullable="false" sap:unicode="false" sap:creatable="false" sap:updatable="false" sap:sortable="false"/>
                <Property Name="VendorGSTIN" Type="Edm.String" Nullable="false" sap:unicode="false" sap:creatable="false" sap:updatable="false" sap:sortable="false" sap:filterable="false"/>
                <Property Name="BuyerGSTIN" Type="Edm.String" Nullable="false" sap:unicode="false" sap:creatable="false" sap:updatable="false" sap:sortable="false" sap:filterable="false"/>
                <Property Name="companyCode" Type="Edm.String" Nullable="false" sap:unicode="false" sap:creatable="false" sap:updatable="false" sap:sortable="false" sap:filterable="false"/>
                <Property Name="plantCode" Type="Edm.String" Nullable="false" sap:unicode="false" sap:creatable="false" sap:updatable="false" sap:sortable="false" sap:filterable="false"/>
                <Property Name="purchasingOrg" Type="Edm.String" Nullable="false" sap:unicode="false" sap:creatable="false" sap:updatable="false" sap:sortable="false" sap:filterable="false"/>
                <Property Name="invoiceDate" Type="Edm.String" Nullable="false" sap:unicode="false" sap:creatable="false" sap:updatable="false" sap:sortable="false"/>
                <Property Name="invoiceValue" Type="Edm.String" Nullable="false" sap:unicode="false" sap:creatable="false" sap:updatable="false" sap:sortable="false" sap:filterable="false"/>
                <Property Name="status" Type="Edm.String" Nullable="false" sap:unicode="false" sap:creatable="false" sap:updatable="false" sap:sortable="false"/>
                <Property Name="comment" Type="Edm.String" Nullable="false" sap:unicode="false" sap:creatable="false" sap:updatable="false" sap:sortable="false" sap:filterable="false"/>
                <NavigationProperty Name="InvoiceLineItemSet" Relationship="ZMM_INVOICE_SRV.invReqToinvLineItem" FromRole="FromRole_invReqToinvLineItem" ToRole="ToRole_invReqToinvLineItem"/>
                <NavigationProperty Name="InvoiceAttachmentSet" Relationship="ZMM_INVOICE_SRV.invReqToInvAttachment" FromRole="FromRole_invReqToInvAttachment" ToRole="ToRole_invReqToInvAttachment"/>
            </EntityType>
            <EntityType Name="InvoiceAttachment" sap:content-version="1">
                <Key>
                    <PropertyRef Name="attachmentNo"/>
                </Key>
                <Property Name="attachmentNo" Type="Edm.String" Nullable="false" sap:unicode="false" sap:creatable="false" sap:updatable="false" sap:sortable="false" sap:filterable="false"/>
                <Property Name="Name" Type="Edm.String" Nullable="false" sap:unicode="false" sap:creatable="false" sap:updatable="false" sap:sortable="false" sap:filterable="false"/>
                <Property Name="attachment" Type="Edm.String" Nullable="false" sap:unicode="false" sap:creatable="false" sap:updatable="false" sap:sortable="false" sap:filterable="false"/>
                <Property Name="PoNumber" Type="Edm.String" Nullable="false" sap:unicode="false" sap:creatable="false" sap:updatable="false" sap:sortable="false" sap:filterable="false"/>
                <Property Name="filetype" Type="Edm.String" Nullable="false" sap:unicode="false" sap:creatable="false" sap:updatable="false" sap:sortable="false" sap:filterable="false"/>
            </EntityType>
            <EntityType Name="InvoiceLineItem" sap:content-version="1">
                <Key>
                    <PropertyRef Name="ItemNumber"/>
                </Key>
                <Property Name="ItemNumber" Type="Edm.String" Nullable="false" sap:unicode="false" sap:creatable="false" sap:updatable="false" sap:sortable="false" sap:filterable="false"/>
                <Property Name="ItemDescription" Type="Edm.String" Nullable="false" sap:unicode="false" sap:creatable="false" sap:updatable="false" sap:sortable="false" sap:filterable="false"/>
                <Property Name="ItemConditionDesc" Type="Edm.String" Nullable="false" sap:unicode="false" sap:creatable="false" sap:updatable="false" sap:sortable="false" sap:filterable="false"/>
                <Property Name="plant" Type="Edm.String" Nullable="false" sap:unicode="false" sap:creatable="false" sap:updatable="false" sap:sortable="false" sap:filterable="false"/>
                <Property Name="lineItemQuantity" Type="Edm.String" Nullable="false" sap:unicode="false" sap:creatable="false" sap:updatable="false" sap:sortable="false" sap:filterable="false"/>
                <Property Name="unitPrice" Type="Edm.String" Nullable="false" sap:unicode="false" sap:creatable="false" sap:updatable="false" sap:sortable="false" sap:filterable="false"/>
                <Property Name="TotalValue" Type="Edm.String" Nullable="false" sap:unicode="false" sap:creatable="false" sap:updatable="false" sap:sortable="false" sap:filterable="false"/>
                <Property Name="cgstPerc" Type="Edm.String" Nullable="false" sap:unicode="false" sap:creatable="false" sap:updatable="false" sap:sortable="false" sap:filterable="false"/>
                <Property Name="sgstPerc" Type="Edm.String" Nullable="false" sap:unicode="false" sap:creatable="false" sap:updatable="false" sap:sortable="false" sap:filterable="false"/>
                <Property Name="cgstValue" Type="Edm.String" Nullable="false" sap:unicode="false" sap:creatable="false" sap:updatable="false" sap:sortable="false" sap:filterable="false"/>
                <Property Name="sgstValue" Type="Edm.String" Nullable="false" sap:unicode="false" sap:creatable="false" sap:updatable="false" sap:sortable="false" sap:filterable="false"/>
                <Property Name="invoiceNo" Type="Edm.String" Nullable="false" sap:unicode="false" sap:creatable="false" sap:updatable="false" sap:sortable="false" sap:filterable="false"/>
                <Property Name="PoNumber" Type="Edm.String" Nullable="false" sap:unicode="false" sap:creatable="false" sap:updatable="false" sap:sortable="false" sap:filterable="false"/>
            </EntityType>
            <EntityType Name="invNoSh" sap:content-version="1">
                <Key>
                    <PropertyRef Name="InvNumber"/>
                </Key>
                <Property Name="PoNumber" Type="Edm.String" Nullable="false" MaxLength="10" sap:unicode="false" sap:label="Purchasing Doc." sap:creatable="false" sap:updatable="false" sap:sortable="false" sap:filterable="false"/>
                <Property Name="InvNumber" Type="Edm.String" Nullable="false" MaxLength="10" sap:unicode="false" sap:label="Inv. Doc. No." sap:creatable="false" sap:updatable="false" sap:sortable="false" sap:filterable="false"/>
                <Property Name="InvDate" Type="Edm.String" Nullable="false" MaxLength="10" sap:unicode="false" sap:label="Invoice Date" sap:creatable="false" sap:updatable="false" sap:sortable="false" sap:filterable="false"/>
                <Property Name="InvoiceValue" Type="Edm.String" Nullable="false" MaxLength="10" sap:unicode="false" sap:label="Invoice Value" sap:creatable="false" sap:updatable="false" sap:sortable="false" sap:filterable="false"/>
                <Property Name="VendorName" Type="Edm.String" Nullable="false" MaxLength="30" sap:unicode="false" sap:label="Name 1" sap:creatable="false" sap:updatable="false" sap:sortable="false" sap:filterable="false"/>
                <Property Name="Status" Type="Edm.String" Nullable="false" MaxLength="1" sap:unicode="false" sap:label="Status" sap:creatable="false" sap:updatable="false" sap:sortable="false" sap:filterable="false"/>
                <Property Name="CompCode" Type="Edm.String" Nullable="false" MaxLength="4" sap:unicode="false" sap:label="Company Code" sap:creatable="false" sap:updatable="false" sap:sortable="false" sap:filterable="false"/>
                <Property Name="PurchOrg" Type="Edm.String" Nullable="false" MaxLength="4" sap:unicode="false" sap:label="Purchasing org." sap:creatable="false" sap:updatable="false" sap:sortable="false" sap:filterable="false"/>
            </EntityType>
            <EntityType Name="Invoiceheader" sap:content-version="1">
                <Key>
                    <PropertyRef Name="invoiceNo"/>
                </Key>
                <Property Name="PoNumber" Type="Edm.String" Nullable="false" sap:unicode="false" sap:creatable="false" sap:updatable="false" sap:sortable="false" sap:filterable="false"/>
                <Property Name="regID" Type="Edm.String" Nullable="false" sap:unicode="false" sap:creatable="false" sap:updatable="false" sap:sortable="false" sap:filterable="false"/>
                <Property Name="invoiceNo" Type="Edm.String" Nullable="false" sap:unicode="false" sap:creatable="false" sap:updatable="false" sap:sortable="false"/>
                <Property Name="contractNumber" Type="Edm.String" Nullable="false" sap:unicode="false" sap:creatable="false" sap:updatable="false" sap:sortable="false" sap:filterable="false"/>
                <Property Name="VendorName" Type="Edm.String" Nullable="false" sap:unicode="false" sap:creatable="false" sap:updatable="false" sap:sortable="false"/>
                <Property Name="VendorGSTIN" Type="Edm.String" Nullable="false" sap:unicode="false" sap:creatable="false" sap:updatable="false" sap:sortable="false" sap:filterable="false"/>
                <Property Name="BuyerGSTIN" Type="Edm.String" Nullable="false" sap:unicode="false" sap:creatable="false" sap:updatable="false" sap:sortable="false" sap:filterable="false"/>
                <Property Name="companyCode" Type="Edm.String" Nullable="false" sap:unicode="false" sap:creatable="false" sap:updatable="false" sap:sortable="false" sap:filterable="false"/>
                <Property Name="plantCode" Type="Edm.String" Nullable="false" sap:unicode="false" sap:creatable="false" sap:updatable="false" sap:sortable="false" sap:filterable="false"/>
                <Property Name="purchasingOrg" Type="Edm.String" Nullable="false" sap:unicode="false" sap:creatable="false" sap:updatable="false" sap:sortable="false" sap:filterable="false"/>
                <Property Name="invoiceDate" Type="Edm.String" Nullable="false" sap:unicode="false" sap:creatable="false" sap:updatable="false" sap:sortable="false"/>
                <Property Name="invoiceValue" Type="Edm.String" Nullable="false" sap:unicode="false" sap:creatable="false" sap:updatable="false" sap:sortable="false" sap:filterable="false"/>
                <Property Name="status" Type="Edm.String" Nullable="false" sap:unicode="false" sap:creatable="false" sap:updatable="false" sap:sortable="false"/>
                <Property Name="comment" Type="Edm.String" Nullable="false" sap:unicode="false" sap:creatable="false" sap:updatable="false" sap:sortable="false" sap:filterable="false"/>
                <NavigationProperty Name="InvoiceLineItemSet" Relationship="ZMM_INVOICE_SRV.invReqHedtoItem" FromRole="FromRole_invReqHedtoItem" ToRole="ToRole_invReqHedtoItem"/>
            </EntityType>
            <EntityType Name="vendorInv" sap:content-version="1">
                <Key>
                    <PropertyRef Name="vendorNo"/>
                </Key>
                <Property Name="vendorNo" Type="Edm.String" Nullable="false" sap:unicode="false" sap:label="vendor" sap:creatable="false" sap:updatable="false" sap:sortable="false" sap:filterable="false"/>
                <Property Name="PoNumber" Type="Edm.String" Nullable="false" sap:unicode="false" sap:label="Purchasing Doc." sap:creatable="false" sap:updatable="false" sap:sortable="false" sap:filterable="false"/>
                <Property Name="InvNumber" Type="Edm.String" Nullable="false" sap:unicode="false" sap:label="Inv. Doc. No." sap:creatable="false" sap:updatable="false" sap:sortable="false" sap:filterable="false"/>
                <Property Name="InvDate" Type="Edm.String" Nullable="false" sap:unicode="false" sap:label="Invoice Date" sap:creatable="false" sap:updatable="false" sap:sortable="false" sap:filterable="false"/>
                <Property Name="InvoiceValue" Type="Edm.String" Nullable="false" sap:unicode="false" sap:label="Invoice Value" sap:creatable="false" sap:updatable="false" sap:sortable="false" sap:filterable="false"/>
                <Property Name="VendorName" Type="Edm.String" Nullable="false" sap:unicode="false" sap:label="Name 1" sap:creatable="false" sap:updatable="false" sap:sortable="false" sap:filterable="false"/>
                <Property Name="Status" Type="Edm.String" Nullable="false" sap:unicode="false" sap:label="Status" sap:creatable="false" sap:updatable="false" sap:sortable="false" sap:filterable="false"/>
                <Property Name="CompCode" Type="Edm.String" Nullable="false" sap:unicode="false" sap:label="Company Code" sap:creatable="false" sap:updatable="false" sap:sortable="false" sap:filterable="false"/>
                <Property Name="PurchOrg" Type="Edm.String" Nullable="false" sap:unicode="false" sap:label="Purchasing org." sap:creatable="false" sap:updatable="false" sap:sortable="false" sap:filterable="false"/>
            </EntityType>
            <Association Name="invReqToInvAttachment" sap:content-version="1">
                <End Type="ZMM_INVOICE_SRV.InvoiceRequest" Multiplicity="1" Role="FromRole_invReqToInvAttachment"/>
                <End Type="ZMM_INVOICE_SRV.InvoiceAttachment" Multiplicity="*" Role="ToRole_invReqToInvAttachment"/>
                <ReferentialConstraint>
                    <Principal Role="FromRole_invReqToInvAttachment">
                        <PropertyRef Name="PoNumber"/>
                    </Principal>
                    <Dependent Role="ToRole_invReqToInvAttachment">
                        <PropertyRef Name="PoNumber"/>
                    </Dependent>
                </ReferentialConstraint>
            </Association>
            <Association Name="invReqToinvLineItem" sap:content-version="1">
                <End Type="ZMM_INVOICE_SRV.InvoiceRequest" Multiplicity="1" Role="FromRole_invReqToinvLineItem"/>
                <End Type="ZMM_INVOICE_SRV.InvoiceLineItem" Multiplicity="*" Role="ToRole_invReqToinvLineItem"/>
                <ReferentialConstraint>
                    <Principal Role="FromRole_invReqToinvLineItem">
                        <PropertyRef Name="PoNumber"/>
                    </Principal>
                    <Dependent Role="ToRole_invReqToinvLineItem">
                        <PropertyRef Name="PoNumber"/>
                    </Dependent>
                </ReferentialConstraint>
            </Association>
            <Association Name="invReqHedtoItem" sap:content-version="1">
                <End Type="ZMM_INVOICE_SRV.Invoiceheader" Multiplicity="1" Role="FromRole_invReqHedtoItem"/>
                <End Type="ZMM_INVOICE_SRV.InvoiceLineItem" Multiplicity="*" Role="ToRole_invReqHedtoItem"/>
                <ReferentialConstraint>
                    <Principal Role="FromRole_invReqHedtoItem">
                        <PropertyRef Name="invoiceNo"/>
                    </Principal>
                    <Dependent Role="ToRole_invReqHedtoItem">
                        <PropertyRef Name="invoiceNo"/>
                    </Dependent>
                </ReferentialConstraint>
            </Association>
            <EntityContainer Name="ZMM_INVOICE_SRV_Entities" m:IsDefaultEntityContainer="true" sap:supported-formats="atom json xlsx">
                <EntitySet Name="invoicePaymentDetSet" EntityType="ZMM_INVOICE_SRV.invoicePaymentDet" sap:creatable="false" sap:updatable="false" sap:deletable="false" sap:pageable="false" sap:addressable="false" sap:content-version="1"/>
                <EntitySet Name="InvoiceRequestSet" EntityType="ZMM_INVOICE_SRV.InvoiceRequest" sap:creatable="false" sap:updatable="false" sap:deletable="false" sap:pageable="false" sap:addressable="false" sap:content-version="1"/>
                <EntitySet Name="InvoiceAttachmentSet" EntityType="ZMM_INVOICE_SRV.InvoiceAttachment" sap:creatable="false" sap:updatable="false" sap:deletable="false" sap:pageable="false" sap:addressable="false" sap:content-version="1"/>
                <EntitySet Name="InvoiceLineItemSet" EntityType="ZMM_INVOICE_SRV.InvoiceLineItem" sap:creatable="false" sap:updatable="false" sap:deletable="false" sap:pageable="false" sap:addressable="false" sap:content-version="1"/>
                <EntitySet Name="invNoShSet" EntityType="ZMM_INVOICE_SRV.invNoSh" sap:creatable="false" sap:updatable="false" sap:deletable="false" sap:pageable="false" sap:content-version="1"/>
                <EntitySet Name="InvoiceheaderSet" EntityType="ZMM_INVOICE_SRV.Invoiceheader" sap:creatable="false" sap:updatable="false" sap:deletable="false" sap:pageable="false" sap:addressable="false" sap:content-version="1"/>
                <EntitySet Name="vendorInvSet" EntityType="ZMM_INVOICE_SRV.vendorInv" sap:creatable="false" sap:updatable="false" sap:deletable="false" sap:pageable="false" sap:addressable="false" sap:content-version="1"/>
                <AssociationSet Name="invReqToinvLineItemSet" Association="ZMM_INVOICE_SRV.invReqToinvLineItem" sap:creatable="false" sap:updatable="false" sap:deletable="false" sap:content-version="1">
                    <End EntitySet="InvoiceRequestSet" Role="FromRole_invReqToinvLineItem"/>
                    <End EntitySet="InvoiceLineItemSet" Role="ToRole_invReqToinvLineItem"/>
                </AssociationSet>
                <AssociationSet Name="invReqHedtoItemSet" Association="ZMM_INVOICE_SRV.invReqHedtoItem" sap:creatable="false" sap:updatable="false" sap:deletable="false" sap:content-version="1">
                    <End EntitySet="InvoiceheaderSet" Role="FromRole_invReqHedtoItem"/>
                    <End EntitySet="InvoiceLineItemSet" Role="ToRole_invReqHedtoItem"/>
                </AssociationSet>
                <AssociationSet Name="invReqToInvAttachmentSet" Association="ZMM_INVOICE_SRV.invReqToInvAttachment" sap:creatable="false" sap:updatable="false" sap:deletable="false" sap:content-version="1">
                    <End EntitySet="InvoiceRequestSet" Role="FromRole_invReqToInvAttachment"/>
                    <End EntitySet="InvoiceAttachmentSet" Role="ToRole_invReqToInvAttachment"/>
                </AssociationSet>
                <FunctionImport Name="supplierPOs" ReturnType="ZMM_INVOICE_SRV.InvoiceRequest" EntitySet="InvoiceRequestSet" m:HttpMethod="GET">
                    <Parameter Name="supplierNo" Type="Edm.String" Mode="In"/>
                </FunctionImport>
                <FunctionImport Name="invoiceANID" ReturnType="ZMM_INVOICE_SRV.InvoiceRequest" EntitySet="InvoiceRequestSet" m:HttpMethod="GET">
                    <Parameter Name="Anidno" Type="Edm.String" Mode="In"/>
                </FunctionImport>
                <FunctionImport Name="InvoiceList" ReturnType="ZMM_INVOICE_SRV.InvoiceRequest" EntitySet="InvoiceRequestSet" m:HttpMethod="GET">
                    <Parameter Name="VendorCode" Type="Edm.String" Mode="In"/>
                </FunctionImport>
            </EntityContainer>
            <atom:link rel="self" href="https://10.242.4.25:44300/sap/opu/odata/sap/ZMM_INVOICE_SRV/$metadata" xmlns:atom="http://www.w3.org/2005/Atom"/>
            <atom:link rel="latest-version" href="https://10.242.4.25:44300/sap/opu/odata/sap/ZMM_INVOICE_SRV/$metadata" xmlns:atom="http://www.w3.org/2005/Atom"/>
        </Schema>
    </edmx:DataServices>
</edmx:Edmx>