{
    "DocList": [{
        "title": "BL Copy",
        "completed": false
    },
    {
        "title": "Invoice Copy",
        "completed": false
    },
    {
        "title": "BOE Copy",
        "completed": false
    },
    {
        "title": "CP Copy",
        "completed": false
    },
    {
        "title": "Contract Copy",
        "completed": false
    },
    {
        "title": "Form 10F",
        "completed": false
    },
    {
        "title": "TRC",
        "completed": false
    },
    {
        "title": "No PE Certificate",
        "completed": false
    },
    {
        "title": "Others Copy",
        "completed": false
    }
    ],
    "completedCount": 1
}