{
  "welcomeFile": "/index.html",
  "authenticationMethod": "route",
  "routes": [
    {
      "source": "^/odata/v2/(.*)$",
      "target": "/odata/v2/$1",
      "destination": "doc-exchange-srv",
      "authenticationType": "xsuaa",
      "csrfProtection": true
    },
    {
      "source": "^/sap/opu/odata/(.*)$",
      "target": "/sap/opu/odata/$1",
      "destination": "S4HANA",
      "authenticationType": "none",
      "csrfProtection": false
    },
    {
      "source": "^/aribaedockit/rest/(.*)$",
      "target": "/rest/$1",
      "destination": "doc-exchange-srv",
      "authenticationType": "xsuaa",
      "csrfProtection": false
    },
    {
      "source": "^/rest/(.*)$",
      "target": "/rest/$1",
      "destination": "doc-exchange-srv",
      "authenticationType": "xsuaa",
      "csrfProtection": false
    },
    {
      "source": "^/user-api(.*)",
      "target": "$1",
      "authenticationType": "xsuaa",
      "service": "sap-approuter-userapi"
    },
    {
      "source": "^/resources/(.*)$",
      "target": "/resources/$1",
      "authenticationType": "none",
      "destination": "ui5"
    },
    {
      "source": "^/test-resources/(.*)$",
      "target": "/test-resources/$1",
      "authenticationType": "none",
      "destination": "ui5"
    },
    {
      "source": "^(.*)$",
      "target": "$1",
      "service": "html5-apps-repo-rt",
      "authenticationType": "xsuaa"
    }
  ]
}